language_pair,bleu,num_samples,generation_time,avg_time_per_sample
eng_Latn_spa_Latn,17.639769856462934,5,20.602057933807373,4.120411586761475
eng_Latn_fra_Latn,40.95727190647441,5,18.843329668045044,3.7686659336090087
eng_Latn_deu_Latn,9.134423666564473,5,18.74254322052002,3.748508644104004
eng_Latn_ita_Latn,8.047708401675957,5,18.302258014678955,3.660451602935791
eng_Latn_por_Latn,26.075104308894346,5,17.009761333465576,3.4019522666931152
